"","Genus","Species","Variety","SporeType","SporeName","SporeDim1_min2","SporeDim1_min","SporeDim1_max","SporeDim1_max2","SporeDim2_min2","SporeDim2_min","SporeDim2_max","SporeDim2_max2","Spore_units","SporeArea","Name"
"1","Acremonium","berkeleyanum","","asexual","conidia",NA,3.5,5.8,8.1,NA,1.5,2.5,NA,"um",7.30420291959627,"Acremonium berkeleyanum "
"2","Acremonium","cerealis","","asexual","conidia",NA,4,5.3,NA,NA,2.5,3.7,NA,"um",11.3215145253742,"Acremonium cerealis "
"3","Acremonium","furcatum","","asexual","conidia",NA,3,3.7,NA,NA,1.6,2.1,NA,"um",4.86750511765569,"Acremonium furcatum "
"4","Acremonium","fusidioides","","asexual","globose_conidia",NA,3.4,4.7,NA,NA,3.4,4.7,NA,"um",12.8824933751266,"Acremonium fusidioides "
"5","Acremonium","fusidioides","","asexual","fusiform_conidia",NA,4.9,6.4,NA,NA,1.2,2.1,NA,"um",7.32187437827271,"Acremonium fusidioides "
"6","Acremonium","kiliense","","asexual","conidia",NA,3.1,5.8,NA,NA,1,1.6,NA,"um",4.54352837525424,"Acremonium kiliense "
"7","Acremonium","luzulae","","asexual","conidia",NA,5.2,8.2,NA,NA,1.9,2.8,NA,"um",12.3660940826928,"Acremonium luzulae "
"8","Acremonium","murorum","","asexual","conidia",NA,3.4,5.7,NA,NA,2,3.7,NA,"um",10.1846506838564,"Acremonium murorum "
"9","Acremonium","rutilum","","asexual","conidia",NA,3,6,NA,NA,2,3.3,NA,"um",9.36587309851457,"Acremonium rutilum "
"10","Acremonium","strictum","","asexual","conidia",NA,3.3,5.5,NA,NA,0.9,1.8,NA,"um",4.66526509058084,"Acremonium strictum "
"11","Acrophialophora","fusispora","","asexual","conidia",NA,5,12,NA,NA,3,6,NA,"um",30.0414797499524,"Acrophialophora fusispora "
"12","Acrostalagamus","luteoalbus","","asexual","conidia",NA,3.5,5,NA,NA,2,2.5,NA,"um",7.5103699374881,"Acrostalagamus luteoalbus "
"13","Actinomucor","elegans","","asexual","conidia",NA,6,8,NA,NA,6,8,NA,"um",38.484510006475,"Actinomucor elegans "
"14","Ajellomyces","capsulatus","","sexual","ascospores",NA,1.5,2.5,NA,NA,1.5,2.5,NA,"um",3.14159265358979,"Ajellomyces capsulatus "
"15","Ajellomyces","capsulatus","","asexual","conidia",NA,2,6,NA,NA,2,6,NA,"um",12.5663706143592,"Ajellomyces capsulatus "
"16","Alternaria","alternata","","asexual","conidia",NA,18,63,NA,NA,7,18,NA,"um",397.607820219958,"Alternaria alternata "
"17","Alternaria","tenuissima","","asexual","conidia",NA,3,5,10,NA,2,4,NA,"um",9.42477796076938,"Alternaria tenuissima "
"18","Amorphotheca","resinae","","asexual","conidia",NA,3,7,NA,NA,2,4,NA,"um",11.7809724509617,"Amorphotheca resinae "
"19","Aphanoascus","fulvescens","","asexual","conidia",NA,10,12,NA,NA,7,8,NA,"um",64.7953484802895,"Aphanoascus fulvescens "
"20","Aphanomyces","euteiches","","sexual/asexual","oospore",18,20,23,25,18,20,23,25,"um",363.05030103047,"Aphanomyces euteiches "
"21","Apiosordaria","verruculosa","","sexual","ascospores",NA,26,29,NA,NA,11,17,NA,"um",302.378292908018,"Apiosordaria verruculosa "
"22","Apiosordaria","verruculosa","","asexual","conidia",NA,2.5,3.5,NA,NA,1.7,2.5,NA,"um",4.94800842940392,"Apiosordaria verruculosa "
"23","Apiospora","montagnei","","sexual","ascospores",NA,19,33,NA,NA,7,11,NA,"um",183.783170235003,"Apiospora montagnei "
"24","Apiospora","montagnei","","asexual","conidia",NA,5.5,8,NA,NA,3,4.5,NA,"um",19.8803910109979,"Apiospora montagnei "
"25","Arachniotus","ruber","","sexual","ascospores",NA,5.5,7,NA,NA,4,5,NA,"um",22.0893233455532,"Arachniotus ruber "
"26","Arachniotus","ruber","","asexual","conidia",NA,NA,NA,NA,NA,NA,NA,NA,"um",NA,"Arachniotus ruber "
"27","Arhrinium","phaeospermum","","asexual","conidia",NA,8,12,NA,NA,5,7,NA,"um",47.1238898038469,"Arhrinium phaeospermum "
"28","Arthrobotrys","arthrobotryoides","","asexual","conidia",NA,7,30,NA,NA,10,14,16,"um",174.358392274234,"Arthrobotrys arthrobotryoides "
"29","Arthrobotrys","conoides","","asexual","conidia",NA,18,36,NA,NA,8,15,NA,"um",243.866129734908,"Arthrobotrys conoides "
"30","Arthrobotrys","oligospora","","asexual","conidia",NA,22,27,NA,NA,8,15,NA,"um",221.285932537231,"Arthrobotrys oligospora "
"31","Arthrobotrys","psychrophila","","asexual","conidia",NA,46,71,NA,NA,21,29,NA,"um",1148.64481396877,"Arthrobotrys psychrophila "
"32","Arthrobotrys","superba","","asexual","conidia",NA,12,22,NA,NA,6,11,NA,"um",113.490034610931,"Arthrobotrys superba "
"33","Arthroderma","cuniculi","","sexual","ascospores",NA,2.2,2.9,NA,NA,1.4,2,NA,"um",3.40470103832794,"Arthroderma cuniculi "
"34","Arthroderma","cuniculi","","asexual","conidia",NA,2.4,5.3,NA,NA,1.2,2,NA,"um",4.83805268652828,"Arthroderma cuniculi "
"35","Arthroderma","curreyi","","asexual","conidia",NA,2.5,6,NA,NA,1.5,2,NA,"um",5.84139884026852,"Arthroderma curreyi "
"36","Arthroderma","insingulare","","asexual","conidia",NA,6,30,NA,NA,2,5,NA,"um",49.4800842940392,"Arthroderma insingulare "
"37","Arthroderma","lenticulare","","sexual","ascospores",NA,2,3,NA,NA,1.8,2.5,NA,"um",4.22151512826128,"Arthroderma lenticulare "
"38","Arthroderma","lenticulare","","asexual","conidia",NA,3,6.5,NA,NA,1.5,3.5,NA,"um",9.3266031903447,"Arthroderma lenticulare "
"39","Arthroderma","quadrifidum","","sexual","ascospores",NA,2,3,NA,NA,1.8,2.5,NA,"um",4.22151512826128,"Arthroderma quadrifidum "
"40","Arthroderma","quadrifidum","","asexual","conidia",NA,3,6.5,NA,NA,1.5,3.5,NA,"um",9.3266031903447,"Arthroderma quadrifidum "
"41","Arthroderma","tuberculatum","","asexual","conidia",NA,10,15,NA,NA,7,10,NA,"um",83.4485548609789,"Arthroderma tuberculatum "
"42","Arthroderma","unicatum","","asexual","conidia",NA,6,13,NA,NA,3.5,7,NA,"um",39.1717333994477,"Arthroderma unicatum "
"43","Aspergillus","candidus","","asexual","conidia",NA,2.5,3.5,4,NA,2.5,3.5,NA,"um",7.06858347057703,"Aspergillus candidus "
"44","Aspergillus","carneus","","asexual","conidia",NA,2.4,2.8,NA,NA,2.4,2.8,NA,"um",5.30929158456675,"Aspergillus carneus "
"45","Aspergillus","clavatus","","asexual","conidia",NA,3,4.5,NA,NA,2.5,3.5,NA,"um",8.83572933822129,"Aspergillus clavatus "
"46","Aspergillus","flavipes","","sexual","ascospores",NA,6.4,8,NA,NA,5.6,6.4,NA,"um",33.9292006587698,"Aspergillus flavipes "
"47","Aspergillus","flavipes","","asexual","conidia",NA,NA,NA,NA,NA,NA,NA,NA,"",NA,"Aspergillus flavipes "
"48","Aspergillus","flavus","","asexual","conidia",NA,3.5,4.5,NA,NA,3.5,4.5,NA,"um",12.5663706143592,"Aspergillus flavus "
"49","Aspergillus","fumigatus","","asexual","conidia",NA,2.5,3,NA,NA,2.5,3,NA,"um",5.9395736106932,"Aspergillus fumigatus "
"50","Aspergillus","japonicus","","asexual","conidia",NA,3,3.5,NA,NA,3,3.5,NA,"um",8.29576810088555,"Aspergillus japonicus "
"51","Aspergillus","melleus","","asexual","conidia",NA,2.8,3.5,NA,NA,2.8,3.5,NA,"um",7.79311327631118,"Aspergillus melleus "
"52","Aspergillus","niger","","asexual","conidia",NA,4,5,NA,NA,4,5,NA,"um",15.9043128087983,"Aspergillus niger "
"53","Aspergillus","niveus","","asexual","conidia",NA,2.4,3.2,NA,NA,2.4,3.2,NA,"um",6.15752160103599,"Aspergillus niveus "
"54","Aspergillus","ochraceus","","asexual","conidia",NA,2.5,3,NA,NA,2.5,3,NA,"um",5.9395736106932,"Aspergillus ochraceus "
"55","Aspergillus","oryzae","","asexual","conidia",NA,5,6,NA,NA,5,6,NA,"um",23.7582944427728,"Aspergillus oryzae "
"56","Aspergillus","parasiticus","","asexual","conidia",NA,5,5,NA,NA,5,5,NA,"um",19.6349540849362,"Aspergillus parasiticus "
"57","Aspergillus","restrictus","","asexual","conidia",NA,4.5,5,NA,NA,3,3.5,NA,"um",12.1245841474481,"Aspergillus restrictus "
"58","Aspergillus","sclerotiorum","","asexual","conidia",NA,2,3,NA,NA,2,3,NA,"um",4.90873852123405,"Aspergillus sclerotiorum "
"59","Aspergillus","sydowii","","asexual","conidia",NA,3.1,3.1,NA,NA,3.1,3.1,NA,"um",7.54767635024948,"Aspergillus sydowii "
"60","Aspergillus","tamarii","","asexual","conidia",NA,5,6.5,NA,NA,5,6.5,NA,"um",25.9672267773281,"Aspergillus tamarii "
"61","Aspergillus","terreus","","asexual","conidia",NA,1.8,2.4,NA,NA,1.8,2.4,NA,"um",3.46360590058275,"Aspergillus terreus "
"62","Aspergillus","ustus","","asexual","conidia",NA,3.2,4.5,NA,NA,3.2,4.5,NA,"um",11.6415642769587,"Aspergillus ustus "
"63","Aspergillus","versicolor","","asexual","conidia",NA,2,3,NA,NA,2,3,NA,"um",4.90873852123405,"Aspergillus versicolor "
"64","Aspergillus","wentii","","asexual","conidia",NA,4.5,5,NA,NA,4.5,5,NA,"um",17.7205460616549,"Aspergillus wentii "
"65","Athelia","rolfsii","","sexual","basidiospores",NA,4.5,6.8,NA,NA,3.5,4.5,NA,"um",17.7499984927823,"Athelia rolfsii "
"66","Athelia","rolfsii","","asexual","conidia",NA,NA,NA,NA,NA,NA,NA,NA,"",NA,"Athelia rolfsii "
"67","Aureobasidium","pullulans","","asexual","conidia",7.5,9,11,16,3.5,4.5,5.5,7,"um",39.2699081698724,"Aureobasidium pullulans "
"68","Auxarthron","umbrinum","","sexual","ascospores",NA,2.1,3.6,NA,NA,2.1,3.6,NA,"um",6.37939658219577,"Auxarthron umbrinum "
"69","Auxarthron","umbrinum","","asexual","conidia",NA,NA,NA,NA,NA,NA,NA,NA,"",NA,"Auxarthron umbrinum "
"70","Beauveria","bassiana","","asexual","conidia",NA,2,3,NA,NA,2,3,NA,"um",4.90873852123405,"Beauveria bassiana "
"71","Beauveria","brongniartii","","asexual","conidia",NA,2.5,4.5,NA,NA,2,2.5,NA,"um",6.18501053675491,"Beauveria brongniartii "
"72","Botryosphaeria","rhodina","","asexual","conidia",NA,22,28,NA,NA,12,15,NA,"um",265.071880146639,"Botryosphaeria rhodina "
"73","Botryotrichum","piluliferum","","sexual","ascospores",NA,13,16,NA,NA,8,10.5,NA,"um",105.341528665683,"Botryotrichum piluliferum "
"74","Botryotrichum","piluliferum","","asexual","conidia",NA,NA,NA,NA,NA,NA,NA,NA,"",NA,"Botryotrichum piluliferum "
"75","Botrytis","cinerea","","asexual","conidia",NA,8,14,NA,NA,6,9,NA,"um",64.7953484802895,"Botrytis cinerea "
"76","Broomella","acuta","Truncatella","asexual","conidia",NA,17,19,21,NA,6,8,NA,"um",98.9601685880785,"Broomella acuta Truncatella"
"77","Cadophora","fastigiata","","asexual","conidia",NA,4,5.5,6.7,NA,2,3,3.8,"um",9.3266031903447,"Cadophora fastigiata "
"78","Cadophora","malorum","","asexual","conidia",NA,4,7,NA,NA,1.5,2.5,3,"um",8.63937979737193,"Cadophora malorum "
"79","Cadophora","tropica","","asexual","conidia",NA,28,45,60,NA,14,21,NA,"um",501.67307687012,"Cadophora tropica "
"80","Ceratocystis","fimbriata","","asexual","chlamydospore",NA,10,20,NA,NA,7.5,13,NA,"um",120.754967622358,"Ceratocystis fimbriata "
"81","Ceratocystis","fimbriata","","asexual","doliiform_conidia",NA,5,11,NA,NA,5,10,NA,"um",47.1238898038469,"Ceratocystis fimbriata "
"82","Ceratocystis","fimbriata","","sexual","ascospores",NA,4.5,8,NA,NA,3.5,6.5,NA,"um",24.5436926061703,"Ceratocystis fimbriata "
"83","Ceratocystis","fimbriata","","asexual","cylindrical_conidia",NA,11,16,25,NA,3.5,5,7,"um",45.0622196249286,"Ceratocystis fimbriata "
"84","Chaetomidium","fimeti","","sexual","ascospores",NA,7.5,10,NA,NA,5.5,6.5,NA,"um",41.233403578366,"Chaetomidium fimeti "
"85","Chaetomidium","fimeti","","asexual","conidia",NA,NA,NA,NA,NA,NA,NA,NA,"",NA,"Chaetomidium fimeti "
"86","Chaetomium","botrychodes","","sexual","ascospores",NA,6.5,8.5,NA,NA,6.5,7.5,NA,"um",41.233403578366,"Chaetomium botrychodes "
"87","Chaetomium","botrychodes","","asexual","conidia",NA,NA,NA,NA,NA,NA,NA,NA,"",NA,"Chaetomium botrychodes "
"88","Chaetomium","cochliodes","","sexual","ascospores",NA,8,10,NA,NA,7,8,NA,"um",53.0143760293278,"Chaetomium cochliodes "
"89","Chaetomium","cochliodes","","asexual","conidia",NA,NA,NA,NA,NA,NA,NA,NA,"",NA,"Chaetomium cochliodes "
"90","Chaetomium","crispatum","","asexual","conidia",NA,9,12,NA,NA,6,9.5,NA,"um",63.9117755464674,"Chaetomium crispatum "
"91","Chaetomium","elatum","","sexual","ascospores",NA,10,12.5,NA,NA,8,9.5,NA,"um",77.3126317094363,"Chaetomium elatum "
"92","Chaetomium","elatum","","asexual","conidia",NA,NA,NA,NA,NA,NA,NA,NA,"",NA,"Chaetomium elatum "
"93","Chaetomium","funicola","","sexual","ascospores",NA,5.5,6.5,NA,NA,3.5,5,NA,"um",20.0276531666349,"Chaetomium funicola "
"94","Chaetomium","funicola","","asexual","conidia",NA,NA,NA,NA,NA,NA,NA,NA,"",NA,"Chaetomium funicola "
"95","Chaetomium","globosum","","sexual","ascospores",NA,9.3,10.5,NA,NA,8,9,NA,"um",66.0912554498953,"Chaetomium globosum "
"96","Chaetomium","globosum","","asexual","conidia",NA,NA,NA,NA,NA,NA,NA,NA,"",NA,"Chaetomium globosum "
"97","Chaetomium","indicum","","sexual","ascospores",NA,5,7,NA,NA,4,5.5,6,"um",22.3838476568273,"Chaetomium indicum "
"98","Chaetomium","indicum","","asexual","conidia",NA,NA,NA,NA,NA,NA,NA,NA,"",NA,"Chaetomium indicum "
"99","Chaetomium","nozdrenkoae","","sexual","ascospores",NA,13,25,NA,NA,7,16,NA,"um",171.609498702342,"Chaetomium nozdrenkoae "
"100","Chaetomium","nozdrenkoae","","asexual","conidia",NA,NA,NA,NA,NA,NA,NA,NA,"",NA,"Chaetomium nozdrenkoae "
"101","Chaetomium","seminudum","","sexual","ascospores",NA,7.5,9,NA,NA,4,6,NA,"um",32.3976742401447,"Chaetomium seminudum "
"102","Chaetomium","seminudum","","asexual","conidia",NA,NA,NA,NA,NA,NA,NA,NA,"",NA,"Chaetomium seminudum "
"103","Chaetomium","tetrasporum","","sexual","ascospores",NA,10,14,NA,NA,7,9,NA,"um",75.398223686155,"Chaetomium tetrasporum "
"104","Chaetomium","tetrasporum","","asexual","conidia",NA,NA,NA,NA,NA,NA,NA,NA,"",NA,"Chaetomium tetrasporum "
"105","Chaetosphaeria","vermicularoides","var. caudigerum","asexual","conidia",NA,3.5,5,NA,NA,1.8,2.5,NA,"um",7.17657571804418,"Chaetosphaeria vermicularoides var. caudigerum"
"106","Chaetosphaeria","vermicularoides","var. chlamydosporum","asexual","conidia",NA,3,5,NA,NA,1.7,2.7,NA,"um",6.91150383789755,"Chaetosphaeria vermicularoides var. chlamydosporum"
"107","Chaetosphaeria","vermicularoides","var. virescens","asexual","conidia",NA,2.7,3.8,NA,NA,2,2.5,NA,"um",5.74322406984384,"Chaetosphaeria vermicularoides var. virescens"
"108","Cheilymenia","pulcherrima","","asexual","chlamydospore",NA,23,30,NA,NA,18,22,NA,"um",416.261026600648,"Cheilymenia pulcherrima "
"109","Cheilymenia","pulcherrima","","sexual","ascospores",NA,21,30,NA,NA,12,18,NA,"um",300.414797499524,"Cheilymenia pulcherrima "
"110","Cheilymenia","pulcherrima","","asexual","conidia",NA,NA,NA,NA,NA,NA,NA,NA,"",NA,"Cheilymenia pulcherrima "
"111","Chrysosporium","merdarium","","asexual","conidia",NA,5,6,NA,NA,4,5,NA,"um",19.4386045440868,"Chrysosporium merdarium "
"112","Cladorrhinum","foecundissimum","","asexual","conidia",NA,2.5,3,NA,NA,2.5,3,NA,"um",5.9395736106932,"Cladorrhinum foecundissimum "
"113","Cladosporium","cladosporioides","","asexual","conidia",NA,3,7,11,NA,2,4,5,"um",11.7809724509617,"Cladosporium cladosporioides "
"114","Cladosporium","herbarum","","asexual","conidia",NA,5.5,13,NA,NA,3.8,6,NA,"um",35.5981717559893,"Cladosporium herbarum "
"115","Cladosporium","macrocarpum","","asexual","conidia",NA,7,17,NA,NA,5,8,NA,"um",61.261056745001,"Cladosporium macrocarpum "
"116","Cladosporium","sphaerospermum","","asexual","conidia",NA,3,4,7,NA,3,4,NA,"um",9.62112750161874,"Cladosporium sphaerospermum "
"117","Clonostachys","candelabrum","","asexual","conidia",NA,3.9,5,NA,NA,2.4,3.1,NA,"um",9.61131002457627,"Clonostachys candelabrum "
"118","Clonostachys","rosea","f. catenulata","asexual","conidia",NA,4,7.5,NA,NA,3,4,4.5,"um",15.8061380383736,"Clonostachys rosea f. catenulata"
"119","Clonostachys","rosea","f. Rosea","asexual","conidia",3.2,5,7,8.4,NA,3,4,4.8,"um",16.4933614313464,"Clonostachys rosea f. Rosea"
"120","Coccidioides","immitis","","asexual","conidia",NA,6,8,15,NA,2,4,NA,"um",16.4933614313464,"Coccidioides immitis "
"121","Cochliolobus","geniculatus","","asexual","conidia",NA,18,37,48,NA,8,14,NA,"um",237.582944427728,"Cochliolobus geniculatus "
"122","Cochliolobus","lunatus","","asexual","conidia",NA,20,30,NA,NA,9,15,NA,"um",235.619449019234,"Cochliolobus lunatus "
"123","Cochliolobus","sativus","","asexual","conidia",NA,60,100,NA,NA,18,23,NA,"um",1288.05298797182,"Cochliolobus sativus "
"124","Cochliolobus","spicifer","","asexual","conidia",NA,25,40,NA,NA,9,20,NA,"um",370.118884501047,"Cochliolobus spicifer "
"125","Colletotrichum","dematium","","asexual","conidia",NA,18,30,NA,NA,3,5,NA,"um",75.398223686155,"Colletotrichum dematium "
"126","Conidiobolus","coronatus","","asexual","conidia",NA,15,20,NA,NA,9,14,NA,"um",158.061380383736,"Conidiobolus coronatus "
"127","Coniothryium","cerealis","","asexual","conidia",NA,5.5,8,11,NA,1.5,2.5,NA,"um",10.6028752058656,"Coniothryium cerealis "
"128","Corynascus","sepedonium","","sexual","ascospores",11,15,20,NA,NA,6,10,NA,"um",109.955742875643,"Corynascus sepedonium "
"129","Corynascus","sepedonium","","asexual","conidia",NA,NA,NA,NA,NA,NA,NA,NA,"",NA,"Corynascus sepedonium "
"130","Ctenomyces","serratus","","sexual","ascospores",NA,3.3,3.6,NA,NA,2,2.6,NA,"um",6.23213442655875,"Ctenomyces serratus "
"131","Ctenomyces","serratus","","asexual","conidia",NA,NA,NA,NA,NA,NA,NA,NA,"",NA,"Ctenomyces serratus "
"132","Cunninghamella","echinulata","","sexual","zygospores",NA,30,50,NA,NA,30,50,NA,"um",1256.63706143592,"Cunninghamella echinulata "
"133","Cunninghamella","echinulata","","asexual","conidia",NA,NA,NA,NA,NA,NA,NA,NA,"",NA,"Cunninghamella echinulata "
"134","Cunninghamella","elegans","","sexual","zygospores",NA,25,55,NA,NA,25,55,NA,"um",1256.63706143592,"Cunninghamella elegans "
"135","Cunninghamella","elegans","","asexual","conidia",NA,NA,NA,NA,NA,NA,NA,NA,"",NA,"Cunninghamella elegans "
"136","Cylindrocarpon","candidum","","sexual","ascospores",NA,12,15,NA,NA,5,6,7,"um",58.3158136322605,"Cylindrocarpon candidum "
"137","Cylindrocarpon","candidum","","asexual","conidia",NA,4,9,NA,NA,1.5,3,NA,"um",11.4864481396877,"Cylindrocarpon candidum "
"138","Cylindrocarpon","destructans","","sexual","ascospores",NA,10,13,NA,NA,3,3.5,NA,"um",29.3542563569796,"Cylindrocarpon destructans "
"139","Cylindrocarpon","destructans","","asexual","conidia",NA,6,10,NA,NA,3.5,4,NA,"um",23.5619449019234,"Cylindrocarpon destructans "
"140","Cylindrocarpon","didymum","","asexual","conidia",NA,24,34,NA,NA,4,6,NA,"um",113.88273369263,"Cylindrocarpon didymum "
"141","Cylindrocarpon","obtusiusculum","","sexual","ascospores",NA,12,15,NA,NA,3,4,NA,"um",37.1100632205294,"Cylindrocarpon obtusiusculum "
"142","Cylindrocarpon","obtusiusculum","","asexual","conidia",NA,15,35,NA,NA,3.5,4.5,NA,"um",78.5398163397448,"Cylindrocarpon obtusiusculum "
"143","Cylindrocarpon","olidum","","asexual","conidia",NA,30,70,NA,NA,5,8,NA,"um",255.254403104171,"Cylindrocarpon olidum "
"144","Cylindrocladium","scoparium","","asexual","conidia",NA,42,50,NA,NA,3,4,5,"um",126.449104306989,"Cylindrocladium scoparium "
"145","Cylindroclaediella","parva","","asexual","conidia",NA,15,21,NA,NA,2,3,NA,"um",35.3429173528852,"Cylindroclaediella parva "
"146","Dendryphion","nanum","","asexual","conidia",NA,45,90,NA,NA,10,12.5,NA,"um",596.411730329937,"Dendryphion nanum "
"147","Doratomyces","microsporus","","asexual","conidia",NA,3,5,NA,NA,2,3,NA,"um",7.85398163397448,"Doratomyces microsporus "
"148","Doratomyces","nanus","","asexual","conidia",NA,6,8.5,NA,NA,5,6,NA,"um",31.3177517654733,"Doratomyces nanus "
"149","Doratomyces","purpureofuscus","","asexual","conidia",NA,5,7,NA,NA,2.5,3.5,NA,"um",14.1371669411541,"Doratomyces purpureofuscus "
"150","Doratomyces","stemonitis","","asexual","conidia",NA,6,8.5,NA,NA,4,4.5,NA,"um",24.2000809096839,"Doratomyces stemonitis "
"151","Emericella","nidulans","","sexual","ascospores",NA,3.8,4.5,NA,NA,3.8,4.5,NA,"um",13.5265198691126,"Emericella nidulans "
"152","Emericella","nidulans","","asexual","conidia",NA,NA,NA,NA,NA,NA,NA,NA,"",NA,"Emericella nidulans "
"153","Emericella","rugulosa","","sexual","ascospores",NA,4,4.4,NA,NA,4,4.4,NA,"um",13.854423602331,"Emericella rugulosa "
"154","Emericella","rugulosa","","asexual","conidia",NA,NA,NA,NA,NA,NA,NA,NA,"",NA,"Emericella rugulosa "
"155","Emericellopsis","minima","","sexual","ascospores",NA,4.7,6.3,NA,NA,2.4,3.8,NA,"um",13.3910386859265,"Emericellopsis minima "
"156","Emericellopsis","minima","","asexual","conidia",NA,5.5,8.5,NA,NA,1.9,2.5,NA,"um",12.0951317163207,"Emericellopsis minima "
"157","Emericellopsis","terricola","","sexual","ascospores",NA,6.3,8.5,NA,NA,4.1,5,NA,"um",26.4443561615921,"Emericellopsis terricola "
"158","Emericellopsis","terricola","","asexual","conidia",NA,4.7,8,NA,NA,2.1,3.2,NA,"um",13.2162875945706,"Emericellopsis terricola "
"159","Epicoccum","nigrum","","asexual","conidia",NA,15,25,NA,NA,15,25,NA,"um",314.159265358979,"Epicoccum nigrum "
"160","Eupenicillium","brefeldianum","","asexual","conidia",NA,2,3,NA,NA,1.5,2,NA,"um",3.43611696486384,"Eupenicillium brefeldianum "
"161","Eupenicillium","javanicum","","asexual","conidia",NA,2.3,3,NA,NA,1.5,2,NA,"um",3.64228398275567,"Eupenicillium javanicum "
"162","Eupenicillium","lapidosum","","asexual","conidia",NA,2.2,3,NA,NA,1.7,2.2,NA,"um",3.98196868842506,"Eupenicillium lapidosum "
"163","Eupenicillium","shearii","","asexual","conidia",NA,2.2,3,NA,NA,2,2.5,NA,"um",4.59457925587507,"Eupenicillium shearii "
"164","Eurotium","amstelodami","","sexual","ascospores",NA,4.7,5,NA,NA,3.6,3.8,NA,"um",14.0939700421672,"Eurotium amstelodami "
"165","Eurotium","amstelodami","","asexual","conidia",NA,4.5,5,NA,NA,3.5,4,NA,"um",13.989904785517,"Eurotium amstelodami "
"166","Eurotium","chevalieri","","sexual","ascospores",NA,4.6,5,NA,NA,3.4,3.8,NA,"um",13.5716802635079,"Eurotium chevalieri "
"167","Eurotium","chevalieri","","asexual","conidia",NA,NA,NA,NA,NA,NA,NA,NA,"",NA,"Eurotium chevalieri "
"168","Eurotium","herbariorum","","sexual","ascospores",NA,5,7,NA,NA,3.8,4.8,NA,"um",20.2632726156542,"Eurotium herbariorum "
"169","Eurotium","herbariorum","","asexual","conidia",NA,5,7.5,NA,NA,5,7.5,NA,"um",30.6796157577128,"Eurotium herbariorum "
"170","Exophiala","jeanselmei","","asexual","conidia",NA,3.5,5,NA,NA,1.5,2.2,NA,"um",6.17519305971244,"Exophiala jeanselmei "
"171","Fusarium","accuminatum","","asexual","chlamydospore",NA,7,20,NA,NA,7,20,NA,"um",143.138815279185,"Fusarium accuminatum "
"172","Fusarium","accuminatum","","sexual","ascospores",NA,22,26,NA,NA,5,6,NA,"um",103.672557568463,"Fusarium accuminatum "
"173","Fusarium","accuminatum","","asexual","conidia",NA,24,54,NA,NA,3,4.5,NA,"um",114.864481396877,"Fusarium accuminatum "
"174","Fusarium","aquaeductuum","","sexual","ascospores",NA,8,11,NA,NA,3.5,4.5,NA,"um",29.845130209103,"Fusarium aquaeductuum "
"175","Fusarium","aquaeductuum","","asexual","conidia",NA,14,35,NA,NA,2,3,3.5,"um",48.1056375080937,"Fusarium aquaeductuum "
"176","Fusarium","avenaceum","","asexual","sporodochial conidia",NA,45,70,NA,NA,3,4.5,NA,"um",169.351478982575,"Fusarium avenaceum "
"177","Fusarium","avenaceum","","asexual","conidia",NA,16,31,80,NA,3,4.5,NA,"um",69.2132131494001,"Fusarium avenaceum "
"178","Fusarium","cf.eumartii","","asexual","chlamydospore",NA,6,10,NA,NA,6,10,NA,"um",50.2654824574367,"Fusarium cf.eumartii "
"179","Fusarium","cf.eumartii","","asexual","macroconidia",36,50,85,NA,NA,5,7,8,"um",318.086256175967,"Fusarium cf.eumartii "
"180","Fusarium","cf.eumartii","","sexual","ascospores",NA,11,16,NA,NA,4.5,6,NA,"um",55.6650948307941,"Fusarium cf.eumartii "
"181","Fusarium","cf.eumartii","","asexual","conidia",NA,4,14,NA,NA,2.5,5,NA,"um",26.5071880146639,"Fusarium cf.eumartii "
"182","Fusarium","chlamydosporum","","asexual","chlamydospore",NA,7,17,NA,NA,7,17,NA,"um",113.097335529233,"Fusarium chlamydosporum "
"183","Fusarium","chlamydosporum","","asexual","macroconidia",NA,30,38,NA,NA,3,4.5,NA,"um",100.138265833175,"Fusarium chlamydosporum "
"184","Fusarium","chlamydosporum","","asexual","conidia",NA,8.5,10,15,NA,2.5,3,3.7,"um",19.9785657814226,"Fusarium chlamydosporum "
"185","Fusarium","culmorum","","asexual","chlamydospore",NA,9,14,NA,NA,9,14,NA,"um",103.868907109313,"Fusarium culmorum "
"186","Fusarium","culmorum","","asexual","conidia",NA,30,50,NA,NA,5,7.5,NA,"um",196.349540849362,"Fusarium culmorum "
"187","Fusarium","dimerum","","asexual","chlamydospore",NA,8,12,NA,NA,8,12,NA,"um",78.5398163397448,"Fusarium dimerum "
"188","Fusarium","dimerum","","asexual","conidia",NA,15,25,NA,NA,2.5,4,NA,"um",51.0508806208341,"Fusarium dimerum "
"189","Fusarium","equiseti","","asexual","chlamydospore",NA,7,9,NA,NA,7,9,NA,"um",50.2654824574367,"Fusarium equiseti "
"190","Fusarium","equiseti","","asexual","conidia",NA,31,47,NA,NA,4,5,NA,"um",137.837377676252,"Fusarium equiseti "
"191","Fusarium","flocciferum","","asexual","chlamydospore",NA,8,11,NA,NA,8,11,NA,"um",70.8821842466197,"Fusarium flocciferum "
"192","Fusarium","flocciferum","","asexual","conidia",NA,22,35,48,NA,3.5,5,NA,"um",95.1313525415159,"Fusarium flocciferum "
"193","Fusarium","fujikuroi","","asexual","macroconidia",NA,33,60,NA,NA,3,4,NA,"um",127.823551092935,"Fusarium fujikuroi "
"194","Fusarium","fujikuroi","","asexual","microconidia",NA,8,10,NA,NA,2.5,3.3,NA,"um",20.4988920646734,"Fusarium fujikuroi "
"195","Fusarium","graminearum","","asexual","chlamydospore",NA,10,12,NA,NA,10,12,NA,"um",95.0331777710912,"Fusarium graminearum "
"196","Fusarium","graminearum","","sexual","ascospores",NA,18,27,NA,NA,3,4,5,"um",61.8501053675491,"Fusarium graminearum "
"197","Fusarium","graminearum","","asexual","conidia",NA,41,60,80,NA,4,5.5,NA,"um",188.397384444963,"Fusarium graminearum "
"198","Fusarium","incarnatum","","asexual","chlamydospore",NA,5,10,NA,NA,5,10,NA,"um",44.1786466911065,"Fusarium incarnatum "
"199","Fusarium","incarnatum","","asexual","conidia",NA,17,40,50,NA,3,4.5,NA,"um",83.9394287131023,"Fusarium incarnatum "
"200","Fusarium","lateritium","","asexual","chlamydospore",NA,7,8,NA,NA,7,8,NA,"um",44.1786466911065,"Fusarium lateritium "
"201","Fusarium","lateritium","","sexual","ascospores",NA,13,18,NA,NA,5,8,NA,"um",79.1288649622929,"Fusarium lateritium "
"202","Fusarium","lateritium","","asexual","conidia",NA,22,50,57,NA,3,4.5,5,"um",106.028752058656,"Fusarium lateritium "
"203","Fusarium","merismoides","var. merismoides","asexual","chlamydospore",NA,8,12,NA,NA,8,12,NA,"um",78.5398163397448,"Fusarium merismoides var. merismoides"
"204","Fusarium","merismoides","var. merismoides","asexual","conidia",NA,30,45,NA,NA,3.5,5,NA,"um",125.172832291468,"Fusarium merismoides var. merismoides"
"205","Fusarium","oxysporum","","asexual","chlamydospore",NA,5,15,NA,NA,5,15,NA,"um",78.5398163397448,"Fusarium oxysporum "
"206","Fusarium","oxysporum","","asexual","macroconidia",20,27,46,60,NA,3,4.5,5,"um",107.501373615026,"Fusarium oxysporum "
"207","Fusarium","oxysporum","","asexual","conidia",NA,5,12,NA,NA,2.3,3.5,NA,"um",19.3600647277471,"Fusarium oxysporum "
"208","Fusarium","poae","","asexual","macroconidia",NA,18,38,NA,NA,3.8,7,NA,"um",118.752202305694,"Fusarium poae "
"209","Fusarium","poae","","asexual","conidia",NA,6,10,NA,NA,5.5,7.7,NA,"um",41.4690230273853,"Fusarium poae "
"210","Fusarium","proliferatum","","asexual","macroconidia",NA,27,58,NA,NA,3.3,4.5,NA,"um",130.179745583127,"Fusarium proliferatum "
"211","Fusarium","proliferatum","","asexual","microconidia",NA,7,9,11,NA,2.2,3.2,7.5,"um",16.9646003293849,"Fusarium proliferatum "
"212","Fusarium","redolens","","asexual","chlamydospore",NA,6,14,NA,NA,6,14,NA,"um",78.5398163397448,"Fusarium redolens "
"213","Fusarium","redolens","","asexual","macroconidia",NA,25,38,50,NA,4,5.5,NA,"um",117.515200198343,"Fusarium redolens "
"214","Fusarium","redolens","","asexual","conidia",NA,7.5,15,NA,NA,2.5,4.2,NA,"um",29.5996932830413,"Fusarium redolens "
"215","Fusarium","sacchari","","asexual","conidia",NA,7,11,NA,NA,2.5,3,NA,"um",19.4386045440868,"Fusarium sacchari "
"216","Fusarium","sambucinum","var. sambucinum","asexual","chlamydospore",NA,6,11,NA,NA,6,11,NA,"um",56.7450173054656,"Fusarium sambucinum var. sambucinum"
"217","Fusarium","sambucinum","var. sambucinum","sexual","ascospores",NA,20,28,38,NA,6,9,10,"um",141.371669411541,"Fusarium sambucinum var. sambucinum"
"218","Fusarium","sambucinum","var. sambucinum","asexual","conidia",NA,30,45,NA,NA,4,5.5,NA,"um",139.89904785517,"Fusarium sambucinum var. sambucinum"
"219","Fusarium","solani","","asexual","chlamydospore",NA,6,10,NA,NA,6,10,NA,"um",50.2654824574367,"Fusarium solani "
"220","Fusarium","solani","","asexual","macroconidia",NA,28,42,NA,NA,4,6,NA,"um",137.444678594553,"Fusarium solani "
"221","Fusarium","solani","","asexual","conidia",NA,8,16,NA,NA,2,4,5,"um",28.2743338823081,"Fusarium solani "
"222","Fusarium","sporotriochiodes","var. sporotrichiodes","asexual","chlamydospore",NA,7,15,NA,NA,7,15,NA,"um",95.0331777710912,"Fusarium sporotriochiodes var. sporotrichiodes"
"223","Fusarium","sporotriochiodes","var. sporotrichiodes","asexual","macroconidia",NA,29,46,NA,NA,3.7,5.3,NA,"um",132.535940073319,"Fusarium sporotriochiodes var. sporotrichiodes"
"224","Fusarium","sporotriochiodes","var. sporotrichiodes","asexual","conidia",NA,6,11,16,NA,3,4,NA,"um",23.3655953610741,"Fusarium sporotriochiodes var. sporotrichiodes"
"225","Fusarium","subglutinans","","asexual","macroconidia",NA,27,54,NA,NA,3.5,4.5,NA,"um",127.234502470387,"Fusarium subglutinans "
"226","Fusarium","subglutinans","","asexual","conidia",NA,NA,NA,NA,NA,NA,NA,NA,NA,NA,"Fusarium subglutinans "
"227","Fusarium","tricinctum","","asexual","chlamydospore",NA,7,18,NA,NA,7,18,NA,"um",122.718463030851,"Fusarium tricinctum "
"228","Fusarium","tricinctum","","asexual","macroconidia",NA,24,50,NA,NA,3.2,4.5,NA,"um",111.879968375967,"Fusarium tricinctum "
"229","Fusarium","tricinctum","","asexual","conidia",NA,8,11,14,2,4.5,7.5,NA,"um",44.7676953136545,"Fusarium tricinctum "
"230","Fusarium","ventricosum","","asexual","chlamydospore",NA,8,12,NA,NA,8,12,NA,"um",78.5398163397448,"Fusarium ventricosum "
"231","Fusarium","ventricosum","","sexual","ascospores",NA,14,20,NA,NA,7,10,NA,"um",113.490034610931,"Fusarium ventricosum "
"232","Fusarium","ventricosum","","asexual","conidia",NA,24,48,NA,NA,5,8,NA,"um",183.783170235003,"Fusarium ventricosum "
"233","Fusarium","verticillioides","","asexual","macroconidia",NA,31,58,NA,NA,2.7,3.6,NA,"um",110.093187554237,"Fusarium verticillioides "
"234","Fusarium","verticillioides","","asexual","microconidia",NA,7,10,NA,NA,2.5,3.2,NA,"um",19.0262705083032,"Fusarium verticillioides "
"235","Gaeumannomyces","graminis","","sexual","ascospores",NA,80,100,NA,NA,2.5,3,NA,"um",194.386045440868,"Gaeumannomyces graminis "
"236","Gaeumannomyces","graminis","","asexual","conidia",NA,NA,NA,NA,NA,NA,NA,NA,"",NA,"Gaeumannomyces graminis "
"237","Gelasinospora","retispora","","sexual","ascospores",NA,28,33,37,NA,14,70,20,"um",1006.09504731213,"Gelasinospora retispora "
"238","Gelasinospora","retispora","","asexual","conidia",NA,NA,NA,NA,NA,NA,NA,NA,"",NA,"Gelasinospora retispora "
"239","Geomyces","pannorum","","asexual","conidia",NA,2,5,NA,NA,2,4,NA,"um",8.24668071567321,"Geomyces pannorum "
"240","Geotrichum","candidum","","sexual","ascospores",NA,7,10,NA,NA,6,9,NA,"um",50.0691329165873,"Geotrichum candidum "
"241","Geotrichum","candidum","","asexual","conidia",NA,NA,NA,NA,NA,NA,NA,NA,"",NA,"Geotrichum candidum "
"242","Gibellulospis","nigrescens","","asexual","conidia",NA,4,8.5,NA,NA,1.5,2.5,NA,"um",9.8174770424681,"Gibellulospis nigrescens "
"243","Gilmaniella","humicola","","asexual","conidia",NA,7,10,NA,NA,7,10,NA,"um",56.7450173054656,"Gilmaniella humicola "
"244","Giocladium","viride","","asexual","conidia",NA,3,4,NA,NA,1.7,2.7,NA,"um",6.04756585816035,"Giocladium viride "
"245","Glomerella","cingulata","","asexual","conidia",NA,12,18,NA,NA,4.5,6,NA,"um",61.8501053675491,"Glomerella cingulata "
"246","Gongronella","butleri","","asexual","conidia",NA,2.2,4.5,NA,NA,1.6,2.5,NA,"um",5.39372188713198,"Gongronella butleri "
"247","Gonytrichum","macrocladum","","asexual","conidia",NA,3.5,5.8,NA,NA,2,3.6,NA,"um",10.2258840874348,"Gonytrichum macrocladum "
"248","Gymnoascus","reesii","","sexual","ascospores",NA,2.4,4.2,NA,NA,1.5,3,NA,"um",5.83158136322605,"Gymnoascus reesii "
"249","Gymnoascus","reesii","","asexual","conidia",NA,NA,NA,NA,NA,NA,NA,NA,"",NA,"Gymnoascus reesii "
"250","Harzia","acremonioides","","asexual","conidia",NA,20,30,NA,NA,15,20,NA,"um",343.611696486384,"Harzia acremonioides "
"251","Heteroconium","chaetospira","","asexual","conidia",NA,20,35,NA,NA,3,4,NA,"um",75.5945732270044,"Heteroconium chaetospira "
"252","Hormiactis","candida","","asexual","conidia",NA,10,19,NA,2,3,4,NA,"um",39.8589567924205,"Hormiactis candida "
"253","Humicola","fuscoatra","var. fuscoatra","asexual","conidia",NA,3,5,NA,NA,1.5,2,NA,"um",5.49778714378214,"Humicola fuscoatra var. fuscoatra"
"254","Humicola","grisea","","asexual","conidia",NA,3,3.5,NA,NA,1.5,2,NA,"um",4.46695205432299,"Humicola grisea "
"255","Hypomyces","chrysospermus","","asexual","conidia",NA,15,25,NA,NA,15,25,NA,"um",314.159265358979,"Hypomyces chrysospermus "
"256","Idriella","lunata","","asexual","conidia",NA,7,13,20,NA,2,2.5,4,"um",17.6714586764426,"Idriella lunata "
"257","Isaria","farinosa","","asexual","conidia",NA,2,3,NA,NA,1,1.8,NA,"um",2.74889357189107,"Isaria farinosa "
"258","Isaria","fumosorosea","","asexual","conidia",NA,3,4,NA,NA,1,2,NA,"um",4.1233403578366,"Isaria fumosorosea "
"259","Khuskia","oryzae","","sexual","ascospores",NA,16,21,NA,NA,5,7,NA,"um",87.1791961371168,"Khuskia oryzae "
"260","Khuskia","oryzae","","asexual","conidia",NA,NA,NA,NA,NA,NA,NA,NA,"",NA,"Khuskia oryzae "
"261","Lecanicillium","muscarium","","asexual","conidia",NA,2.5,5.5,NA,NA,1,1.5,NA,"um",3.92699081698724,"Lecanicillium muscarium "
"262","Lecanicillium","psalliotae","","asexual","conidia",NA,5,10,NA,NA,1.2,1.7,NA,"um",8.54120502694725,"Lecanicillium psalliotae "
"263","Letptosphaeria","coniothryrium","","asexual","conidia",NA,3.5,4.5,NA,NA,2.2,2.7,NA,"um",7.69690200129499,"Letptosphaeria coniothryrium "
"264","Letptosphaeria","maculans","","asexual","conidia",NA,4,6,NA,NA,1.5,2,3,"um",6.87223392972767,"Letptosphaeria maculans "
"265","Mammaria","echinobotryoides","","asexual","conidia",NA,8.5,17.5,NA,NA,4.5,8.5,NA,"um",66.3661448070844,"Mammaria echinobotryoides "
"266","Mariannaea","elegans","","asexual","conidia",NA,4,6,NA,NA,1.5,2.5,NA,"um",7.85398163397448,"Mariannaea elegans "
"267","Metarhizium","anisopliae","","asexual","conidia",3.5,5,8,9,NA,2.5,3.5,4.5,"um",15.3152641862502,"Metarhizium anisopliae "
"268","Microascus","trigonosporus","","sexual","ascospores",NA,4,5.5,NA,NA,3,4,NA,"um",13.0572444664826,"Microascus trigonosporus "
"269","Microascus","trigonosporus","","asexual","conidia",NA,4,4.5,NA,NA,3.5,4,NA,"um",12.5172832291468,"Microascus trigonosporus "
"270","Microdochium","bolleyi","","asexual","conidia",NA,5.5,8.5,NA,NA,1.6,2.2,NA,"um",10.4457955731861,"Microdochium bolleyi "
"271","Minimedusa","polyspora","","asexual","bulbil",NA,90,130,NA,NA,90,130,NA,"um",9503.31777710913,"Minimedusa polyspora "
"272","Monoascus","ruber","","asexual","conidia",4.5,6,12,16,NA,4.5,10,14,"um",51.2472301616835,"Monoascus ruber "
"273","Monocillium","mucidum","","asexual","conidia",NA,2.8,3.9,NA,NA,1.8,2.2,NA,"um",5.2621676947629,"Monocillium mucidum "
"274","Monographella","nivalis","","asexual","conidia",NA,10,18,27,NA,2.5,3.5,NA,"um",32.9867228626928,"Monographella nivalis "
"275","Mortierella","alpina","","asexual","conidia",NA,3,4,NA,NA,2,2,NA,"um",5.49778714378214,"Mortierella alpina "
"276","Mortierella","bainieri","","asexual","conidia",NA,6,10,13,NA,3,5,6,"um",25.1327412287183,"Mortierella bainieri "
"277","Mortierella","bispolaris","","asexual","conidia",NA,8,13,NA,NA,8,13,NA,"um",86.5901475145687,"Mortierella bispolaris "
"278","Mortierella","elongata","","asexual","conidia",NA,6,13,16,NA,4,6,7,"um",37.3064127613788,"Mortierella elongata "
"279","Mortierella","exigua","","asexual","conidia",NA,6,10,NA,NA,3,5.5,NA,"um",26.7035375555132,"Mortierella exigua "
"280","Mortierella","gamsii","","asexual","conidia",NA,6,12,14,NA,6,12,NA,"um",63.6172512351933,"Mortierella gamsii "
"281","Mortierella","horticola","","asexual","conidia",NA,6,11,13,NA,6,11,NA,"um",56.7450173054656,"Mortierella horticola "
"282","Mortierella","humilis","","asexual","conidia",NA,6,15,NA,NA,6,15,NA,"um",86.5901475145687,"Mortierella humilis "
"283","Mortierella","hyalina","","asexual","conidia",NA,10,10,NA,NA,10,10,NA,"um",78.5398163397448,"Mortierella hyalina "
"284","Mortierella","minutissima","","asexual","conidia",NA,8,8,NA,NA,8,8,NA,"um",50.2654824574367,"Mortierella minutissima "
"285","Mortierella","parvispora","","asexual","conidia",NA,5,12,NA,NA,5,12,NA,"um",56.7450173054656,"Mortierella parvispora "
"286","Mortierella","polycephala","","asexual","conidia",NA,8,12,NA,NA,8,12,NA,"um",78.5398163397448,"Mortierella polycephala "
"287","Mortierella","verticillata","","asexual","conidia",NA,5,10,NA,NA,5,10,NA,"um",44.1786466911065,"Mortierella verticillata "
"288","Mortierella","wolfii","","asexual","conidia",NA,6,10,NA,NA,3,5,NA,"um",25.1327412287183,"Mortierella wolfii "
"289","Mucor","circinelloides","f. circinelloides","asexual","chlamydospore",NA,14,18,NA,NA,16,21,NA,"um",232.477856365645,"Mucor circinelloides f. circinelloides"
"290","Mucor","circinelloides","f. circinelloides","sexual","zygospores",NA,100,100,NA,NA,100,100,NA,"um",7853.98163397448,"Mucor circinelloides f. circinelloides"
"291","Mucor","circinelloides","f. circinelloides","asexual","sporangiospore",NA,4.5,6.5,9,NA,3.5,5,NA,"um",18.3586820694154,"Mucor circinelloides f. circinelloides"
"292","Mucor","circinelloides","f. griseocyanus","sexual","zygospores",NA,80,80,NA,NA,80,80,NA,"um",5026.54824574367,"Mucor circinelloides f. griseocyanus"
"293","Mucor","circinelloides","f. griseocyanus","asexual","sporangiospore",NA,4.5,6,8,NA,3.8,4.5,NA,"um",17.1118624850219,"Mucor circinelloides f. griseocyanus"
"294","Mucor","hiemalis","f. corticola","sexual","zygospores",NA,95,95,110,NA,95,95,110,"um",7088.21842466197,"Mucor hiemalis f. corticola"
"295","Mucor","hiemalis","f. corticola","asexual","sporangiospore",NA,4.5,7,8,NA,2.7,3.5,NA,"um",13.9997222625595,"Mucor hiemalis f. corticola"
"296","Mucor","hiemalis","f. hiemalis","sexual","zygospores",NA,70,70,100,NA,70,70,100,"um",3848.4510006475,"Mucor hiemalis f. hiemalis"
"297","Mucor","hiemalis","f. hiemalis","asexual","sporangiospore",NA,5.5,8.5,NA,NA,2.5,5.5,NA,"um",21.9911485751286,"Mucor hiemalis f. hiemalis"
"298","Mucor","hiemalis","f. silvaticus","sexual","zygospores",NA,70,70,NA,NA,70,70,NA,"um",3848.4510006475,"Mucor hiemalis f. silvaticus"
"299","Mucor","hiemalis","f. silvaticus","asexual","sporangiospore",NA,3.5,5.2,NA,NA,2.6,3.5,NA,"um",10.4202701328756,"Mucor hiemalis f. silvaticus"
"300","Mucor","mucedo","","sexual","zygospores",NA,250,250,NA,NA,250,250,NA,"um",49087.3852123405,"Mucor mucedo "
"301","Mucor","mucedo","","asexual","sporangiospore",NA,10.5,13.5,NA,NA,5.5,7.5,NA,"um",61.261056745001,"Mucor mucedo "
"302","Mucor","piriformis","","sexual","zygospores",NA,210,210,240,NA,210,210,240,"um",34636.0590058275,"Mucor piriformis "
"303","Mucor","piriformis","","asexual","sporangiospore",NA,7,9.5,NA,NA,4,7,NA,"um",35.6374416641592,"Mucor piriformis "
"304","Mucor","plumbeus","","sexual","zygospores",NA,85,85,NA,NA,85,85,NA,"um",5674.50173054656,"Mucor plumbeus "
"305","Mucor","plumbeus","","asexual","sporangiospore",5,7,8,10,5,7,8,10,"um",44.1786466911065,"Mucor plumbeus "
"306","Mucor","racemosus","f. racemosus","sexual","zygospores",NA,90,90,110,NA,90,90,110,"um",6361.72512351933,"Mucor racemosus f. racemosus"
"307","Mucor","racemosus","f. racemosus","asexual","sporangiospore",NA,5.5,8.5,10,NA,4,7,NA,"um",30.2378292908018,"Mucor racemosus f. racemosus"
"308","Mucor","racemosus","f. sphaerosporus","sexual","zygospores",NA,90,90,NA,NA,90,90,NA,"um",6361.72512351933,"Mucor racemosus f. sphaerosporus"
"309","Mucor","racemosus","f. sphaerosporus","asexual","sporangiospore",NA,4,8,NA,NA,4,8,NA,"um",28.2743338823081,"Mucor racemosus f. sphaerosporus"
"310","Myceliophthora","vellerea","","asexual","conidia",NA,9,11,NA,NA,6.5,9.5,NA,"um",62.8318530717959,"Myceliophthora vellerea "
"311","Myrmecridium","schulzeri","","asexual","conidia",6.3,7.5,9,10.5,NA,3,4,NA,"um",22.6783719681013,"Myrmecridium schulzeri "
"312","Myrothecium","cinctum","","asexual","conidia",NA,6.5,14,NA,NA,2.5,4.5,NA,"um",28.1761591118835,"Myrothecium cinctum "
"313","Myrothecium","roridum","","asexual","conidia",NA,5.5,7,NA,NA,1.5,2,NA,"um",8.59029241215959,"Myrothecium roridum "
"314","Myrothecium","verrucaria","","asexual","conidia",NA,6.5,8,NA,NA,2,3.5,NA,"um",15.6588758827366,"Myrothecium verrucaria "
"315","Nannizia","fulva","","sexual","ascospores",NA,2.5,4,NA,NA,1.5,2,NA,"um",4.46695205432299,"Nannizia fulva "
"316","Nannizia","fulva","","asexual","conidia",NA,3.3,8.3,NA,NA,1.7,3.3,NA,"um",11.388273369263,"Nannizia fulva "
"317","Nannizia","grubyia","","sexual","ascospores",NA,3,3,NA,NA,2.4,2.4,NA,"um",5.65486677646163,"Nannizia grubyia "
"318","Nannizia","grubyia","","asexual","conidia",NA,NA,NA,NA,NA,NA,NA,NA,"",NA,"Nannizia grubyia "
"319","Nannizia","gypsea","","sexual","ascospores",NA,2.5,4,NA,NA,1.5,2,NA,"um",4.46695205432299,"Nannizia gypsea "
"320","Nannizia","gypsea","","asexual","conidia",NA,3.5,9.5,NA,NA,1.7,3.3,NA,"um",12.7627201552085,"Nannizia gypsea "
"321","Nannizia","incurvata","","sexual","ascospores",NA,2.5,3.6,NA,NA,1.5,2,NA,"um",4.19206269713388,"Nannizia incurvata "
"322","Nannizia","incurvata","","asexual","conidia",NA,NA,NA,NA,NA,NA,NA,NA,"",NA,"Nannizia incurvata "
"323","Neocosmospora","vasinfecta","","sexual","ascospores",NA,12,16,NA,NA,9,10.5,NA,"um",107.206849303752,"Neocosmospora vasinfecta "
"324","Neocosmospora","vasinfecta","","asexual","conidia",NA,NA,NA,NA,NA,NA,NA,NA,"",NA,"Neocosmospora vasinfecta "
"325","Neosartorya","fischeri","","sexual","ascospores",NA,7,7,NA,NA,4,4,NA,"um",21.9911485751286,"Neosartorya fischeri "
"326","Neosartorya","fischeri","","asexual","conidia",NA,2,2.5,NA,NA,2,2.5,NA,"um",3.97607820219958,"Neosartorya fischeri "
"327","Neotestudina","rosatii","","sexual","ascospores",NA,9,12,NA,NA,5,8,NA,"um",53.6034246518758,"Neotestudina rosatii "
"328","Neotestudina","rosatii","","asexual","conidia",NA,NA,NA,NA,NA,NA,NA,NA,"",NA,"Neotestudina rosatii "
"329","Nigrospora","sphaerica","","asexual","conidia",14,16,19,22,NA,16,19,NA,"um",240.528187540469,"Nigrospora sphaerica "
"330","Oidiodendron","cerealis","","asexual","conidia",NA,3.5,5.5,NA,NA,2,3,NA,"um",8.83572933822129,"Oidiodendron cerealis "
"331","Oidiodendron","echinulatum","","asexual","conidia",NA,2.5,4,NA,NA,2.5,4,NA,"um",8.29576810088555,"Oidiodendron echinulatum "
"332","Oidiodendron","griseum","","asexual","conidia",NA,2,3.6,NA,NA,1.6,2,NA,"um",3.95840674352314,"Oidiodendron griseum "
"333","Oidiodendron","rhodogenum","","asexual","conidia",NA,2,4,NA,NA,1.5,2.2,NA,"um",4.35895980685584,"Oidiodendron rhodogenum "
"334","Oidiodendron","tennuissimun","","asexual","conidia",NA,2,4,NA,NA,1.5,2.5,NA,"um",4.71238898038469,"Oidiodendron tennuissimun "
"335","Oidiodendron","trunctatum","","asexual","conidia",NA,4,6.5,NA,NA,1.5,3,NA,"um",9.27751580513236,"Oidiodendron trunctatum "
"336","Paecillium","lilacinum","","asexual","conidia",NA,2.5,3,NA,NA,2,2.2,NA,"um",4.53567439362026,"Paecillium lilacinum "
"337","Papulaspora","immersa","","asexual","papulospore",NA,88,150,260,NA,88,150,260,"um",11122.0233918713,"Papulaspora immersa "
"338","Papulaspora","irregularis","","asexual","papulospore",NA,140,170,NA,NA,250,300,NA,"um",33477.5967148162,"Papulaspora irregularis "
"339","Paraconiothyrium","minitans","","asexual","conidia",NA,4,6,NA,NA,3.5,4,NA,"um",14.7262155637022,"Paraconiothyrium minitans "
"340","Paraconiothyrium","sporulosum","","asexual","conidia",NA,2.5,4.5,NA,NA,2.2,2.7,NA,"um",6.73478925113312,"Paraconiothyrium sporulosum "
"341","Paranomuraea","carnea","","asexual","conidia",NA,3,4,NA,NA,2,2.5,NA,"um",6.18501053675491,"Paranomuraea carnea "
"342","Paranomuraea","marquandii","","asexual","conidia",NA,3.5,3.5,NA,NA,3.5,3.5,NA,"um",9.62112750161874,"Paranomuraea marquandii "
"343","Pecilomyces","variotii","","asexual","conidia",NA,3.2,5,NA,NA,2,4,NA,"um",9.66039740978861,"Pecilomyces variotii "
"344","Penicillium","brevicompactum","","asexual","conidia",NA,3.5,4,NA,NA,3.5,4,NA,"um",11.0446616727766,"Penicillium brevicompactum "
"345","Penicillium","canescens","","asexual","conidia",NA,2,2.5,NA,NA,2,2.5,NA,"um",3.97607820219958,"Penicillium canescens "
"346","Penicillium","charlesii","","asexual","conidia",NA,2.5,3,NA,NA,2.5,3,NA,"um",5.9395736106932,"Penicillium charlesii "
"347","Penicillium","chrysogenum","","asexual","conidia",NA,2,4,NA,NA,2.8,3.5,NA,"um",7.42201264410589,"Penicillium chrysogenum "
"348","Penicillium","citrinum","","asexual","conidia",NA,3,3,NA,NA,3,3,NA,"um",7.06858347057703,"Penicillium citrinum "
"349","Penicillium","corylophilum","","asexual","conidia",NA,2.5,3,NA,NA,2.5,3,NA,"um",5.9395736106932,"Penicillium corylophilum "
"350","Penicillium","cyclopium","","asexual","conidia",NA,2.7,2.7,NA,NA,2.7,2.7,NA,"um",5.7255526111674,"Penicillium cyclopium "
"351","Penicillium","daleae","","asexual","conidia",NA,2.5,4,NA,NA,2.5,3,NA,"um",7.01949608536469,"Penicillium daleae "
"352","Penicillium","decumbens","","asexual","conidia",NA,2,2.5,NA,NA,2,2.5,NA,"um",3.97607820219958,"Penicillium decumbens "
"353","Penicillium","digitatum","","asexual","conidia",NA,3.5,5,NA,NA,3,3.5,NA,"um",10.8483121319273,"Penicillium digitatum "
"354","Penicillium","expansum","","asexual","conidia",NA,3,3.5,NA,NA,3,3.5,NA,"um",8.29576810088555,"Penicillium expansum "
"355","Penicillium","funiculosum","","asexual","conidia",NA,2.5,3.5,NA,NA,2,2.5,NA,"um",5.30143760293278,"Penicillium funiculosum "
"356","Penicillium","glabrum","","asexual","conidia",NA,3,3.5,NA,NA,3,3.5,NA,"um",8.29576810088555,"Penicillium glabrum "
"357","Penicillium","glandicola","","asexual","conidia",NA,3,3.5,NA,NA,3,3.5,NA,"um",8.29576810088555,"Penicillium glandicola "
"358","Penicillium","griseofulvum","","asexual","conidia",NA,2.5,3.5,NA,NA,2.2,2.5,NA,"um",5.53705705195201,"Penicillium griseofulvum "
"359","Penicillium","herquei","","asexual","conidia",NA,3.5,4,NA,NA,2.2,3,NA,"um",7.65763209312512,"Penicillium herquei "
"360","Penicillium","hirsutum","","asexual","conidia",NA,3,3.3,NA,NA,3,3.3,NA,"um",7.79311327631118,"Penicillium hirsutum "
"361","Penicillium","hispanicum","","asexual","conidia",NA,2,3,NA,NA,2,2.5,NA,"um",4.41786466911065,"Penicillium hispanicum "
"362","Penicillium","islandicum","","asexual","conidia",NA,3,3.5,NA,NA,2.5,3,NA,"um",7.01949608536469,"Penicillium islandicum "
"363","Penicillium","italicum","","asexual","conidia",NA,4,5,NA,NA,2.5,3.5,NA,"um",10.6028752058656,"Penicillium italicum "
"364","Penicillium","janczewskii","","asexual","conidia",NA,3,3.5,NA,NA,3,3.5,NA,"um",8.29576810088555,"Penicillium janczewskii "
"365","Penicillium","janthinellum","","asexual","conidia",NA,3,3.5,NA,NA,3,3.5,NA,"um",8.29576810088555,"Penicillium janthinellum "
"366","Penicillium","jensenii","","asexual","conidia",NA,2,2.5,NA,NA,2,2.5,NA,"um",3.97607820219958,"Penicillium jensenii "
"367","Penicillium","lanosum","","asexual","conidia",NA,2.5,3,NA,NA,2.5,3,NA,"um",5.9395736106932,"Penicillium lanosum "
"368","Penicillium","lividum","","asexual","conidia",NA,3,4,NA,NA,2.6,3,NA,"um",7.69690200129499,"Penicillium lividum "
"369","Penicillium","oxalicum","","asexual","conidia",NA,4.5,6.5,NA,NA,3,4,NA,"um",15.1189146454009,"Penicillium oxalicum "
"370","Penicillium","purpurogenum","","asexual","conidia",NA,3,3.5,NA,NA,2.5,3,NA,"um",7.01949608536469,"Penicillium purpurogenum "
"371","Penicillium","restrictum","","asexual","conidia",NA,2,2.5,3,NA,2,2.5,NA,"um",3.97607820219958,"Penicillium restrictum "
"372","Penicillium","rubrum","","asexual","conidia",NA,2.2,3.5,NA,NA,2,2.5,NA,"um",5.03636572278614,"Penicillium rubrum "
"373","Penicillium","rugulosum","","asexual","conidia",NA,3,3.5,NA,NA,2.5,3,NA,"um",7.01949608536469,"Penicillium rugulosum "
"374","Penicillium","sacculum","","asexual","conidia",NA,5.5,6,NA,NA,3,3.5,NA,"um",14.6771281784898,"Penicillium sacculum "
"375","Penicillium","scabrosum","","asexual","conidia",NA,3,3.5,NA,NA,3,3.5,NA,"um",8.29576810088555,"Penicillium scabrosum "
"376","Penicillium","simplicissimum","","asexual","conidia",NA,2.5,3,NA,NA,2.5,3,NA,"um",5.9395736106932,"Penicillium simplicissimum "
"377","Penicillium","solitum","","asexual","conidia",NA,NA,NA,NA,NA,NA,NA,NA,"",NA,"Penicillium solitum "
"378","Penicillium","spinulosum","","asexual","conidia",NA,3,5.5,NA,NA,3,5.5,NA,"um",14.1862543263664,"Penicillium spinulosum "
"379","Penicillium","steckii","","asexual","conidia",NA,2,2.5,NA,NA,2,2.5,NA,"um",3.97607820219958,"Penicillium steckii "
"380","Penicillium","stoloniferum","","asexual","conidia",NA,2.5,3.5,NA,NA,2.5,3.5,NA,"um",7.06858347057703,"Penicillium stoloniferum "
"381","Penicillium","thomii","","asexual","conidia",NA,3,3.5,NA,NA,3,3.5,NA,"um",8.29576810088555,"Penicillium thomii "
"382","Penicillium","variabile","","asexual","conidia",NA,3,3.5,NA,NA,2,2.5,NA,"um",5.74322406984384,"Penicillium variabile "
"383","Penicillium","viridicatum","","asexual","conidia",NA,3,4,NA,NA,3,4,NA,"um",9.62112750161874,"Penicillium viridicatum "
"384","Penicillium","vulpinum","","asexual","conidia",NA,4,4.5,NA,NA,3,3.5,NA,"um",10.8483121319273,"Penicillium vulpinum "
"385","Penicillium","westlingii","","asexual","conidia",NA,2,2.5,NA,NA,2,2.5,NA,"um",3.97607820219958,"Penicillium westlingii "
"386","Periconia","macrospinosa","","asexual","conidia",NA,18,35,NA,NA,18,35,NA,"um",551.545860245858,"Periconia macrospinosa "
"387","Peziza ","ostracoderma","","sexual","ascospores",NA,11,13.5,NA,NA,6,8,10,"um",67.3478925113312,"Peziza  ostracoderma "
"388","Peziza ","ostracoderma","","asexual","conidia",NA,5,13,NA,NA,5,13,NA,"um",63.6172512351933,"Peziza  ostracoderma "
"389","Phialophora","cinerescens","","asexual","conidia",NA,3,5,7,NA,2.5,3.5,NA,"um",9.42477796076938,"Phialophora cinerescens "
"390","Phialophora","cyclaminis","","asexual","conidia",NA,1.5,2.5,NA,NA,1.5,2.5,NA,"um",3.14159265358979,"Phialophora cyclaminis "
"391","Phitomyces","chartarum","","asexual","conidia",NA,18,29,NA,NA,10,17,NA,"um",249.16756733784,"Phitomyces chartarum "
"392","Phoma","chrysanthemicola","","asexual","conidia",NA,3.5,6.5,NA,NA,1.5,3,NA,"um",8.83572933822129,"Phoma chrysanthemicola "
"393","Phoma","eupyrena","","asexual","conidia",NA,3.5,6,NA,NA,1.5,3,NA,"um",8.39394287131023,"Phoma eupyrena "
"394","Phoma","exigua","","asexual","conidia",NA,4,8.5,NA,NA,2,3,NA,"um",12.2718463030851,"Phoma exigua "
"395","Phoma","glomerata","","asexual","conidia",NA,6,7.5,NA,NA,3,3.5,NA,"um",17.2296722095315,"Phoma glomerata "
"396","Phoma","herbarum","","asexual","conidia",NA,4.5,5,NA,NA,2,2.5,NA,"um",8.39394287131023,"Phoma herbarum "
"397","Phoma","leveillei","","asexual","conidia",NA,3,7,NA,NA,1,3,NA,"um",7.85398163397448,"Phoma leveillei "
"398","Phoma","pinodella","","asexual","conidia",NA,4,9,NA,NA,2,4,NA,"um",15.3152641862502,"Phoma pinodella "
"399","Phoma","pomorum","","asexual","conidia",NA,5,7,NA,NA,2,3.4,NA,"um",12.7234502470387,"Phoma pomorum "
"400","Phymatotrichopsis","omnivora","","asexual","conidia",NA,6,8,NA,NA,5,6,NA,"um",30.2378292908018,"Phymatotrichopsis omnivora "
"401","Phytium","aphanidermatum","","sexual/asexual","oospore",NA,17,19,NA,NA,17,19,NA,"um",254.469004940773,"Phytium aphanidermatum "
"402","Phytium","intermedium","","sexual/asexual","oospore",NA,13,22,NA,NA,13,22,NA,"um",240.528187540469,"Phytium intermedium "
"403","Phytium","irregulare","","sexual/asexual","oospore",NA,8,25,NA,NA,8,25,NA,"um",213.824649984955,"Phytium irregulare "
"404","Phytium","mamillatum","","sexual/asexual","oospore",NA,NA,NA,NA,NA,NA,NA,NA,"",NA,"Phytium mamillatum "
"405","Phytium","oligandrum","","sexual/asexual","oospore",NA,15,30,NA,NA,15,30,NA,"um",397.607820219958,"Phytium oligandrum "
"406","Phytium","paroecandrum","","sexual/asexual","oospore",NA,10,22,NA,NA,10,22,NA,"um",201.061929829747,"Phytium paroecandrum "
"407","Phytium","rostratum","","sexual/asexual","oospore",NA,NA,NA,NA,NA,NA,NA,NA,"um",NA,"Phytium rostratum "
"408","Phytium","sylvaticum","","sexual/asexual","oospore",9,10,24,30,9,10,24,30,"um",226.980069221863,"Phytium sylvaticum "
"409","Phytium","torulosum","","sexual/asexual","oospore",NA,11,15,NA,NA,11,15,NA,"um",132.732289614169,"Phytium torulosum "
"410","Phytium","ultimum","ultimum","sexual/asexual","oospore",NA,15,18,NA,NA,15,18,NA,"um",213.824649984955,"Phytium ultimum ultimum"
"411","Phytophtora","cactorum","","sexual/asexual","chlamydospores",NA,19,33,55,NA,19,33,55,"um",530.929158456675,"Phytophtora cactorum "
"412","Phytophtora","cactorum","","sexual/asexual","oospore",NA,20,26,NA,NA,20,26,NA,"um",415.47562843725,"Phytophtora cactorum "
"413","Phytophtora","cinnamomi","","asexual","conidia",NA,NA,NA,NA,NA,NA,NA,NA,"",NA,"Phytophtora cinnamomi "
"414","Plectosphaerella","cucumerina","","sexual","ascospores",NA,10.8,12,NA,NA,2.8,3,NA,"um",25.9652632819196,"Plectosphaerella cucumerina "
"415","Plectosphaerella","cucumerina","","asexual","conidia",NA,8.2,13.5,NA,NA,2.2,3,NA,"um",22.156082189442,"Plectosphaerella cucumerina "
"416","Pleospora","herbarum","","asexual","conidia",20,24,38,NA,12,15,26,NA,"um",499.120532839078,"Pleospora herbarum "
"417","Pleurostomophora","richardsiae","","asexual","conidia",NA,8,16,NA,NA,1.5,3,NA,"um",21.2057504117311,"Pleurostomophora richardsiae "
"418","Pochonia","chlamydosporia","catenulata","asexual","conidia",NA,2.9,3.3,NA,NA,1.9,2.2,NA,"um",4.99120532839078,"Pochonia chlamydosporia catenulata"
"419","Pochonia","chlamydosporia","chlamydospria","asexual","conidia",NA,3,4,NA,NA,1.5,2,NA,"um",4.81056375080937,"Pochonia chlamydosporia chlamydospria"
"420","Preussia","aemulans","","sexual","ascospores",NA,28,35,NA,NA,5,7,NA,"um",148.440252882118,"Preussia aemulans "
"421","Preussia","aemulans","","asexual","conidia",NA,2.5,3,NA,NA,1.5,2,NA,"um",3.77972866135022,"Preussia aemulans "
"422","Preussia","fleischhakii","","sexual","ascospores",NA,26,35,NA,NA,5.5,7.5,NA,"um",155.705185893544,"Preussia fleischhakii "
"423","Preussia","fleischhakii","","asexual","conidia",NA,NA,NA,NA,NA,NA,NA,NA,"",NA,"Preussia fleischhakii "
"424","Preussia","funiculata","","sexual","ascospores",24,28,32,38,5,6,7,7.5,"um",153.152641862502,"Preussia funiculata "
"425","Preussia","funiculata","","asexual","conidia",NA,NA,NA,NA,NA,NA,NA,NA,"",NA,"Preussia funiculata "
"426","Pseudallescheria","boydii","","sexual","ascospores",NA,6,7,NA,NA,3,3.8,NA,"um",17.3572994110836,"Pseudallescheria boydii "
"427","Pseudallescheria","boydii","","asexual","conidia",NA,6,14,NA,NA,3.5,6,NA,"um",37.3064127613788,"Pseudallescheria boydii "
"428","Pseudeurotium","ovale","","sexual","ascospores",NA,5.5,6,NA,NA,3.5,4,NA,"um",16.9351478982575,"Pseudeurotium ovale "
"429","Pseudeurotium","ovale","","asexual","conidia",NA,NA,NA,NA,NA,NA,NA,NA,"",NA,"Pseudeurotium ovale "
"430","Pseudeurotium","zonatum","","sexual","ascospores",NA,3,4.5,NA,NA,3,4.5,NA,"um",11.0446616727766,"Pseudeurotium zonatum "
"431","Pseudeurotium","zonatum","","asexual","conidia",NA,4,6,NA,NA,2.5,3.5,4.5,"um",11.7809724509617,"Pseudeurotium zonatum "
"432","Pseudobotrytis","terrestris","","asexual","conidia",NA,6.5,9,NA,NA,2.8,3.5,NA,"um",19.1735326639402,"Pseudobotrytis terrestris "
"433","Pseudogymnoascus","roseus","","sexual","ascospores",NA,3,4,NA,NA,2,2.5,NA,"um",6.18501053675491,"Pseudogymnoascus roseus "
"434","Pseudogymnoascus","roseus","","asexual","conidia",NA,2,4.5,NA,NA,1.5,2.5,NA,"um",5.10508806208341,"Pseudogymnoascus roseus "
"435","Rhizomucor","pusillus","","sexual","zygospores",NA,45,63,70,NA,45,63,70,"um",2290.22104446696,"Rhizomucor pusillus "
"436","Rhizomucor","pusillus","","asexual","sporangiospore",NA,3,5,NA,NA,3,5,NA,"um",12.5663706143592,"Rhizomucor pusillus "
"437","Rhizopus","oryzae","","asexual","chlamydospore",NA,10,35,NA,NA,10,35,NA,"um",397.607820219958,"Rhizopus oryzae "
"438","Rhizopus","oryzae","","asexual","sporangiospore",4,6,8,12,3,4.5,6,8,"um",28.8633825048562,"Rhizopus oryzae "
"439","Rhizopus","stolonifer","","sexual","zygospores",NA,150,200,NA,NA,150,200,NA,"um",24052.8187540469,"Rhizopus stolonifer "
"440","Rhizopus","stolonifer","","asexual","sporangiospore",5.5,7,12,14,4.5,6,8.5,12,"um",54.0942985039992,"Rhizopus stolonifer "
"441","Sagenomella","diversispora","","asexual","hyaline_conidia",NA,3.5,5,NA,NA,1.5,2.5,NA,"um",6.67588438887831,"Sagenomella diversispora "
"442","Sagenomella","diversispora","","asexual","pigmented_conidia",NA,4.5,8.5,NA,NA,4,5.5,NA,"um",24.2491682948962,"Sagenomella diversispora "
"443","Scelrotinia","scelrotiorum","","sexual","ascospores",NA,9,15,NA,NA,4,7,NA,"um",51.8362787842316,"Scelrotinia scelrotiorum "
"444","Scelrotinia","scelrotiorum","","asexual","conidia",NA,2.5,3.2,NA,NA,2.5,3.2,NA,"um",6.37939658219577,"Scelrotinia scelrotiorum "
"445","Scolecobasidium","constrictum","","asexual","conidia",NA,5,12.5,NA,NA,2,4,NA,"um",20.616701789183,"Scolecobasidium constrictum "
"446","Scolecobasidium","humicola","","asexual","conidia",NA,7.5,15,NA,NA,2.8,4.5,NA,"um",32.2504120845077,"Scolecobasidium humicola "
"447","Scolecobasidium","salinum","","asexual","conidia",NA,30,45,70,NA,4,7,9,"um",161.988371200724,"Scolecobasidium salinum "
"448","Scolecobasidium","terreum","","asexual","chlamydospore",NA,4,6.5,NA,NA,4,6.5,NA,"um",21.6475368786422,"Scolecobasidium terreum "
"449","Scolecobasidium","terreum","","asexual","conidia",NA,4,12,NA,NA,1.5,2.5,NA,"um",12.5663706143592,"Scolecobasidium terreum "
"450","Scolecobasidium","tshawytschae","","asexual","conidia",NA,9,20,NA,NA,2.5,4.5,NA,"um",39.8589567924205,"Scolecobasidium tshawytschae "
"451","Scopulariopsis","acremonium","","asexual","conidia",NA,8,14,NA,NA,5,6,NA,"um",47.5165888855456,"Scopulariopsis acremonium "
"452","Scopulariopsis","brevicaulis","","asexual","conidia",NA,5,8,9,NA,5,7,NA,"um",30.6305283725005,"Scopulariopsis brevicaulis "
"453","Scopulariopsis","brumtii","","asexual","conidia",NA,4.3,5.3,NA,NA,3.5,4.5,NA,"um",15.079644737231,"Scopulariopsis brumtii "
"454","Scopulariopsis","chartarum","","asexual","conidia",NA,4,5.5,NA,NA,3,4,NA,"um",13.0572444664826,"Scopulariopsis chartarum "
"455","Scopulariopsis","fusca","","asexual","conidia",NA,5,8,NA,NA,5,7,NA,"um",30.6305283725005,"Scopulariopsis fusca "
"456","Sordaria","fimicola","","sexual","ascospores",NA,19,24,NA,NA,11,14,NA,"um",211.075756413064,"Sordaria fimicola "
"457","Sordaria","fimicola","","asexual","conidia",NA,NA,NA,NA,NA,NA,NA,NA,"",NA,"Sordaria fimicola "
"458","Sporothrix","schenkii","","asexual","conidia",NA,2.5,5.5,NA,NA,1.5,2.5,NA,"um",6.28318530717959,"Sporothrix schenkii "
"459","Stachybotrys","chartarum","","asexual","conidia",NA,7,12,NA,NA,4,6,NA,"um",37.3064127613788,"Stachybotrys chartarum "
"460","Stachybotrys","echinata","","asexual","conidia",NA,3,6,NA,NA,3,6,NA,"um",15.9043128087983,"Stachybotrys echinata "
"461","Stachybotrys","elegans","","asexual","slender_conidia",NA,10,16,NA,NA,3,6,NA,"um",45.9457925587507,"Stachybotrys elegans "
"462","Stachybotrys","elegans","","asexual","fusiform_conidia",NA,8,14,NA,NA,6,9,NA,"um",64.7953484802895,"Stachybotrys elegans "
"463","Staphylotrichum","coccosporum","","asexual","aleuroconidia/chlamydospores",NA,10,14,NA,NA,10,14,NA,"um",113.097335529233,"Staphylotrichum coccosporum "
"464","Staphylotrichum","coccosporum","","asexual","conidia",NA,10,12,NA,NA,10,12,NA,"um",95.0331777710912,"Staphylotrichum coccosporum "
"465","Syncephalastrum","racemosum","","sexual","zygospores",NA,50,90,NA,NA,50,90,NA,"um",3848.4510006475,"Syncephalastrum racemosum "
"466","Syncephalastrum","racemosum","","asexual","sporangiospore",NA,3,5,NA,NA,3,5,NA,"um",12.5663706143592,"Syncephalastrum racemosum "
"467","Talaromyces","emersonii","","sexual","ascospores",NA,3.5,4,NA,NA,2.7,3.5,NA,"um",9.13025364949534,"Talaromyces emersonii "
"468","Talaromyces","emersonii","","asexual","conidia",NA,3.5,5,NA,NA,1.5,2.7,NA,"um",7.00967860832223,"Talaromyces emersonii "
"469","Talaromyces","flavus","","sexual","ascospores",NA,3.5,5,NA,NA,2.5,3.2,NA,"um",9.51313525415159,"Talaromyces flavus "
"470","Talaromyces","flavus","","asexual","conidia",NA,2.2,3.5,NA,NA,2,2.5,NA,"um",5.03636572278614,"Talaromyces flavus "
"471","Talaromyces","helicus","helicus","sexual","ascospores",NA,2.5,3,NA,NA,1.5,2,NA,"um",3.77972866135022,"Talaromyces helicus helicus"
"472","Talaromyces","helicus","helicus","asexual","conidia",NA,NA,NA,NA,NA,NA,NA,NA,"",NA,"Talaromyces helicus helicus"
"473","Talaromyces","trachyspermus","","sexual","ascospores",NA,3,3.5,NA,NA,2,2.5,NA,"um",5.74322406984384,"Talaromyces trachyspermus "
"474","Talaromyces","trachyspermus","","asexual","conidia",NA,NA,NA,NA,NA,NA,NA,NA,"",NA,"Talaromyces trachyspermus "
"475","Talaromyces","wortmannii","","sexual","ascospores",NA,3.7,4.7,NA,NA,2.5,3.5,NA,"um",9.89601685880785,"Talaromyces wortmannii "
"476","Talaromyces","wortmannii","","asexual","conidia",NA,NA,NA,NA,NA,NA,NA,NA,"",NA,"Talaromyces wortmannii "
"477","Tetracladium","setigerum","","asexual","conidia",NA,12,15,NA,NA,3,5,NA,"um",42.4115008234622,"Tetracladium setigerum "
"478","Thamnidium","elegans","","sexual","zygospores",NA,80,125,NA,NA,80,125,NA,"um",8251.58945419444,"Thamnidium elegans "
"479","Thamnidium","elegans","","asexual","sporangiospore",NA,6.5,15.5,NA,NA,4.5,7.5,NA,"um",51.8362787842316,"Thamnidium elegans "
"480","Thanatephorus","cucumeris","","sexual","basidiospores",NA,6,14,NA,NA,4,8,NA,"um",47.1238898038469,"Thanatephorus cucumeris "
"481","Thanatephorus","cucumeris","","asexual","conidia",NA,NA,NA,NA,NA,NA,NA,NA,"",NA,"Thanatephorus cucumeris "
"482","Thelebolus","polysporus","","sexual","ascospores",NA,5,7,NA,NA,3,3.5,NA,"um",15.3152641862502,"Thelebolus polysporus "
"483","Thelebolus","polysporus","","asexual","conidia",NA,NA,NA,NA,NA,NA,NA,NA,"",NA,"Thelebolus polysporus "
"484","Thelebolus","stercoreus","","sexual","ascospores",NA,6.5,7,8,NA,2.5,3,4.5,"um",14.5789534080651,"Thelebolus stercoreus "
"485","Thelebolus","stercoreus","","asexual","conidia",NA,NA,NA,NA,NA,NA,NA,NA,"",NA,"Thelebolus stercoreus "
"486","Thermoascus","aurantiacus","","sexual","ascospores",NA,5,7,NA,NA,3.5,5,NA,"um",20.0276531666349,"Thermoascus aurantiacus "
"487","Thermoascus","aurantiacus","","asexual","conidia",NA,NA,NA,NA,NA,NA,NA,NA,"",NA,"Thermoascus aurantiacus "
"488","Thermomyces","lanuginosus","","asexual","conidia",NA,NA,NA,NA,NA,NA,NA,NA,"",NA,"Thermomyces lanuginosus "
"489","Thielavia","heterothallica","","asexual","conidia",NA,5,7,NA,NA,3,4,NA,"um",16.4933614313464,"Thielavia heterothallica "
"490","Thielavia","terricola","","sexual","ascospores",NA,12,16,NA,NA,7,9,NA,"um",87.9645943005142,"Thielavia terricola "
"491","Thielavia","terricola","","asexual","conidia",NA,NA,NA,NA,NA,NA,NA,NA,"",NA,"Thielavia terricola "
"492","Thielaviopsis","basicola","","asexual","conidia",NA,7.5,19,NA,NA,3,5,NA,"um",41.6261026600648,"Thielaviopsis basicola "
"493","Torula","herbarum","herbarum","asexual","conidia",NA,20,70,NA,NA,5,9,NA,"um",247.400421470196,"Torula herbarum herbarum"
"494","Torulomyces","lagena","","asexual","conidia",NA,2,3,NA,NA,NA,NA,NA,"um",NA,"Torulomyces lagena "
"495","Tricellula","aquatica","","asexual","conidia",NA,4.5,6,8,NA,2.2,2.5,3.5,"um",9.68984984091602,"Tricellula aquatica "
"496","Trichocladium","asperum","","asexual","conidia",12,16,25,28,NA,10,15,NA,"um",201.258279370596,"Trichocladium asperum "
"497","Trichocladium","opacum","","asexual","conidia",NA,20,40,NA,NA,10,16,NA,"um",306.305283725005,"Trichocladium opacum "
"498","Trichoderma","hamatum","","asexual","conidia",NA,3,4.5,NA,NA,2.1,2.8,NA,"um",7.21584562621406,"Trichoderma hamatum "
"499","Trichoderma","harzianum","","asexual","conidia",NA,2.8,3.2,NA,NA,2.5,2.8,NA,"um",6.24391539900971,"Trichoderma harzianum "
"500","Trichoderma","koningii","","asexual","conidia",NA,3,4.8,NA,NA,1.9,2.8,NA,"um",7.19817416753761,"Trichoderma koningii "
"501","Trichoderma","polysporum","","asexual","conidia",NA,2.4,3.8,NA,NA,1.8,2.2,NA,"um",4.86946861306418,"Trichoderma polysporum "
"502","Trichoderma","virens","","asexual","conidia",NA,4.5,6,NA,NA,3.5,4,NA,"um",15.4625263418873,"Trichoderma virens "
"503","Trichoderma","viride","","asexual","conidia",NA,3.6,4.5,NA,NA,NA,NA,NA,"um",NA,"Trichoderma viride "
"504","Trichosporiella","cerebriformis","","asexual","conidia",NA,3.5,6,NA,NA,NA,NA,NA,"um",NA,"Trichosporiella cerebriformis "
"505","Trichosporon","laibachii","","asexual","blastoconidia",NA,3,4.5,NA,NA,3,4.5,NA,"um",11.0446616727766,"Trichosporon laibachii "
"506","Trichosporon","laibachii","","asexual","arthroconidia",NA,5,20,NA,NA,3,4,NA,"um",34.3611696486384,"Trichosporon laibachii "
"507","Trichothecium","roseum","","asexual","conidia",NA,12,23,35,NA,8,10,13,"um",123.700210735098,"Trichothecium roseum "
"508","Trichurus","spiralis","","asexual","conidia",NA,4,6,NA,NA,3.5,4.2,NA,"um",15.1189146454009,"Trichurus spiralis "
"509","Typhula","ishikariensis","canadensis","sexual","basidiospores",NA,0.3,0.8,NA,NA,0.3,0.8,NA,"um",0.237582944427728,"Typhula ishikariensis canadensis"
"510","Typhula","ishikariensis","canadensis","asexual","conidia",NA,NA,NA,NA,NA,NA,NA,NA,"",NA,"Typhula ishikariensis canadensis"
"511","Typhula","ishikariensis","idahoensis","sexual","basidiospores",NA,7,9,NA,NA,3,5,NA,"um",25.1327412287183,"Typhula ishikariensis idahoensis"
"512","Typhula","ishikariensis","idahoensis","asexual","conidia",NA,NA,NA,NA,NA,NA,NA,NA,"",NA,"Typhula ishikariensis idahoensis"
"513","Typhula","ishikariensis","ishikariensis","sexual","basidiospores",NA,6,8,NA,NA,3,4,NA,"um",19.2422550032375,"Typhula ishikariensis ishikariensis"
"514","Typhula","ishikariensis","ishikariensis","asexual","conidia",NA,NA,NA,NA,NA,NA,NA,NA,"",NA,"Typhula ishikariensis ishikariensis"
"515","Ulocladium","consortiale","","asexual","conidia",NA,16,34,NA,NA,10,15,NA,"um",245.436926061703,"Ulocladium consortiale "
"516","Umbelopsis","angularis","","asexual","conidia",NA,NA,NA,NA,NA,NA,NA,NA,"",NA,"Umbelopsis angularis "
"517","Umbelopsis","isabellina","","asexual","conidia",NA,NA,NA,NA,NA,NA,NA,NA,"",NA,"Umbelopsis isabellina "
"518","Umbelopsis","nana","","asexual","conidia",NA,NA,NA,NA,NA,NA,NA,NA,"",NA,"Umbelopsis nana "
"519","Umbelopsis","ramanniana","","asexual","conidia",NA,2.5,5.5,NA,NA,1.5,3,NA,"um",7.06858347057703,"Umbelopsis ramanniana "
"520","Umbelopsis","vinacea","","asexual","conidia",NA,3,5,8,NA,3,5,NA,"um",12.5663706143592,"Umbelopsis vinacea "
"521","Varicosporium","elodae","","asexual","conidia",NA,60,120,NA,NA,3,3,NA,"um",212.057504117311,"Varicosporium elodae "
"522","Verticillium","albo-atrum","","asexual","conidia",NA,3.5,10.5,12.5,NA,2,5,NA,"um",19.2422550032375,"Verticillium albo-atrum "
"523","Verticillium","dahliae","","asexual","conidia",NA,2.5,6,8,NA,1.4,3.2,NA,"um",7.67726704721006,"Verticillium dahliae "
"524","Verticillium","nubilum","","asexual","conidia",NA,4,10,12.5,NA,2.5,3.5,NA,"um",16.4933614313464,"Verticillium nubilum "
"525","Volutella","ciliata","","asexual","conidia",NA,4,6,9,NA,1.5,2,2.5,"um",6.87223392972767,"Volutella ciliata "
"526","Wallemia","sebi","","asexual","conidia",NA,2.5,3.5,NA,NA,2.5,3.5,NA,"um",7.06858347057703,"Wallemia sebi "
"527","Wardomyces","columbinus","","asexual","conidia",NA,6,7.5,NA,NA,2.5,4,NA,"um",17.2296722095315,"Wardomyces columbinus "
"528","Wardomyces","simplex","","asexual","conidia",NA,6.5,8.5,NA,NA,3,5.5,NA,"um",25.0345664582937,"Wardomyces simplex "
"529","Zygorhynchus","heterogamus","","asexual","chlamydospore",NA,6.5,21,NA,NA,6.5,21,NA,"um",148.48934026733,"Zygorhynchus heterogamus "
"530","Zygorhynchus","heterogamus","","sexual","zygospores",NA,30,70,NA,NA,30,70,NA,"um",1963.49540849362,"Zygorhynchus heterogamus "
"531","Zygorhynchus","heterogamus","","asexual","sporangiospore",NA,4,6.5,NA,NA,2,4,NA,"um",12.3700210735098,"Zygorhynchus heterogamus "
"532","Zygorhynchus","moelleri","","asexual","chlamydospore",NA,13,13,NA,NA,13,13,NA,"um",132.732289614169,"Zygorhynchus moelleri "
"533","Zygorhynchus","moelleri","","sexual","zygospores",NA,30,35,NA,NA,30,35,NA,"um",829.576810088555,"Zygorhynchus moelleri "
"534","Zygorhynchus","moelleri","","asexual","sporangiospore",NA,3,6.5,NA,NA,2,3.3,NA,"um",9.88619938176538,"Zygorhynchus moelleri "
